{"OpenedDocuments":"[\"System1/Navigate_Dashboard.xaml\",\"Process.xaml\",\"Framework/GetTransactionData.xaml\",\"SHA1Online/SHA1Online_GetHashCode.xaml\",\"Main.xaml\"]","ProjectBreakpoints":"{\"Value\":{\"Main.xaml\":[{\"ConditionalExpression\":null,\"ActionExpression\":null,\"ExpectedHitCounter\":null,\"ShouldContinueAfterAction\":false,\"IsEnabled\":false,\"ActivityIdRef\":\"InvokeWorkflowFile_9\",\"ActivityId\":\"1.137\",\"ActivityName\":\"Invoke ProcessTransaction workflow\"}]}}","ProjectWatches":"{\"Value\":[]}"}